[{"appId":"730","title":"Counter-Strike: Global Offensive","url":"https://store.steampowered.com/app/730/CounterStrike_Global_Offensive/?snr=1_7_7_151_150_1","imgUrl":"https://cdn.cloudflare.steamstatic.com/steam/apps/730/capsule_sm_120.jpg?t=1683566799","released":"21 Aug, 2012","reviewSummary":"Very Positive<br>88% of the 7,197,178 user reviews for this game are positive.","price":"                        Free to Play                    "},{"appId":"1976440","title":"CounterSide","url":"https://store.steampowered.com/app/1976440/CounterSide/?snr=1_7_7_151_150_1","imgUrl":"https://cdn.cloudflare.steamstatic.com/steam/apps/1976440/capsule_sm_120.jpg?t=1677173010","released":"1 Sep, 2022","reviewSummary":"Mixed<br>69% of the 2,588 user reviews for this game are positive.","price":"                        Free To Play                    "},{"appId":"10","title":"Counter-Strike","url":"https://store.steampowered.com/app/10/CounterStrike/?snr=1_7_7_151_150_1","imgUrl":"https://cdn.cloudflare.steamstatic.com/steam/apps/10/capsule_sm_120.jpg?t=1666823513","released":"1 Nov, 2000","reviewSummary":"Overwhelmingly Positive<br>97% of the 135,050 user reviews for this game are positive.","price":"                        8,19€                    "},{"appId":"240","title":"Counter-Strike: Source","url":"https://store.steampowered.com/app/240/CounterStrike_Source/?snr=1_7_7_151_150_1","imgUrl":"https://cdn.cloudflare.steamstatic.com/steam/apps/240/capsule_sm_120.jpg?t=1666823740","released":"1 Nov, 2004","reviewSummary":"Overwhelmingly Positive<br>96% of the 102,866 user reviews for this game are positive.","price":"                        9,75€                    "},{"appId":"551690","title":"Counter Fight","url":"https://store.steampowered.com/app/551690/Counter_Fight/?snr=1_7_7_151_150_1","imgUrl":"https://cdn.cloudflare.steamstatic.com/steam/apps/551690/capsule_sm_120.jpg?t=1579594646","released":"14 Nov, 2016","reviewSummary":"Very Positive<br>81% of the 209 user reviews for this game are positive.","price":"                        6,99€                    "},{"appId":"629440","title":"Graze Counter","url":"https://store.steampowered.com/app/629440/Graze_Counter/?snr=1_7_7_151_150_1","imgUrl":"https://cdn.cloudflare.steamstatic.com/steam/apps/629440/capsule_sm_120.jpg?t=1671620759","released":"28 Jul, 2017","reviewSummary":"Very Positive<br>98% of the 189 user reviews for this game are positive.","price":"                        9,75€                    "},{"appId":"451600","title":"CounterAttack","url":"https://store.steampowered.com/app/451600/CounterAttack/?snr=1_7_7_151_150_1","imgUrl":"https://cdn.cloudflare.steamstatic.com/steam/apps/451600/capsule_sm_120.jpg?t=1682992179","released":"11 Mar, 2019","reviewSummary":"Very Positive<br>89% of the 184 user reviews for this game are positive.","price":"                        12,49€                    "},{"appId":"351230","title":"Counter Spell","url":"https://store.steampowered.com/app/351230/Counter_Spell/?snr=1_7_7_151_150_1","imgUrl":"https://cdn.cloudflare.steamstatic.com/steam/apps/351230/capsule_sm_120.jpg?t=1537808649","released":"5 Oct, 2015","reviewSummary":"Very Positive<br>87% of the 114 user reviews for this game are positive.","price":"                        4,99€                    "},{"appId":"549090","title":"Counter Agents","url":"https://store.steampowered.com/app/549090/Counter_Agents/?snr=1_7_7_151_150_1","imgUrl":"https://cdn.cloudflare.steamstatic.com/steam/apps/549090/capsule_sm_120.jpg?t=1480707318","released":"1 Dec, 2016","reviewSummary":"Very Positive<br>89% of the 149 user reviews for this game are positive.","price":"                        Free                    "},{"appId":"273110","title":"Counter-Strike Nexon: Studio","url":"https://store.steampowered.com/app/273110/CounterStrike_Nexon_Studio/?snr=1_7_7_151_150_1","imgUrl":"https://cdn.cloudflare.steamstatic.com/steam/apps/273110/capsule_sm_120_alt_assets_16.jpg?t=1683175090","released":"7 Oct, 2014","reviewSummary":"Mixed<br>66% of the 40,803 user reviews for this game are positive.<br><br>This product has experienced one or more periods of off-topic review activity.  Based on your preferences, the reviews within these periods have been excluded from this product's Review Score.","price":"                        Free To Play                    "},{"appId":"1205390","title":"Counter-Fall","url":"https://store.steampowered.com/app/1205390/CounterFall/?snr=1_7_7_151_150_1","imgUrl":"https://cdn.cloudflare.steamstatic.com/steam/apps/1205390/capsule_sm_120.jpg?t=1602745812","released":"Coming soon","price":"                                            "},{"appId":"1486440","title":"Graze Counter GM","url":"https://store.steampowered.com/app/1486440/Graze_Counter_GM/?snr=1_7_7_151_150_1","imgUrl":"https://cdn.cloudflare.steamstatic.com/steam/apps/1486440/capsule_sm_120.jpg?t=1674053957","released":"18 Jan, 2023","reviewSummary":"Very Positive<br>98% of the 84 user reviews for this game are positive.","price":"                        14,79€                    "},{"title":"Counter-Strike Complete","url":"https://store.steampowered.com/bundle/236/CounterStrike_Complete/?snr=1_7_7_151_150_1","imgUrl":"https://cdn.cloudflare.steamstatic.com/steam/bundles/236/9jipv8tivfogoa10/capsule_sm_120.jpg?t=1456859897","released":"","reviewSummary":"Overwhelmingly Positive<br>96% of the 254,409 user reviews for games in this bundle are positive.","price":"                        11,66€                    "},{"appId":"936490","title":"Counter Terrorist Agency","url":"https://store.steampowered.com/app/936490/Counter_Terrorist_Agency/?snr=1_7_7_151_150_1","imgUrl":"https://cdn.cloudflare.steamstatic.com/steam/apps/936490/capsule_sm_120.jpg?t=1670320472","released":"5 Dec, 2019","reviewSummary":"Mixed<br>46% of the 395 user reviews for this game are positive.","price":"                        16,79€                    "},{"appId":"666220","title":"CS2D","url":"https://store.steampowered.com/app/666220/CS2D/?snr=1_7_7_151_150_1","imgUrl":"https://cdn.cloudflare.steamstatic.com/steam/apps/666220/capsule_sm_120.jpg?t=1667410210","released":"15 Nov, 2017","reviewSummary":"Very Positive<br>90% of the 8,700 user reviews for this game are positive.","price":"                        Free To Play                    "},{"appId":"1232430","title":"Counter Fight 4","url":"https://store.steampowered.com/app/1232430/Counter_Fight_4/?snr=1_7_7_151_150_1","imgUrl":"https://cdn.cloudflare.steamstatic.com/steam/apps/1232430/capsule_sm_120.jpg?t=1586358513","released":"19 Feb, 2020","reviewSummary":"Mostly Positive<br>77% of the 18 user reviews for this game are positive.","price":"                        8,19€                    "},{"appId":"984820","title":"Counter Fight 3","url":"https://store.steampowered.com/app/984820/Counter_Fight_3/?snr=1_7_7_151_150_1","imgUrl":"https://cdn.cloudflare.steamstatic.com/steam/apps/984820/capsule_sm_120.jpg?t=1579594684","released":"19 Dec, 2018","reviewSummary":"Mixed<br>41% of the 17 user reviews for this game are positive.","price":"                        12,49€                    "},{"appId":"1626460","title":"Over the Counter","url":"https://store.steampowered.com/app/1626460/Over_the_Counter/?snr=1_7_7_151_150_1","imgUrl":"https://cdn.cloudflare.steamstatic.com/steam/apps/1626460/capsule_sm_120.jpg?t=1644712473","released":"12 Feb, 2022","reviewSummary":"Very Positive<br>93% of the 250 user reviews for this game are positive.","price":"                        Free                    "},{"appId":"1544080","title":"Counter Fight ICHIRAN","url":"https://store.steampowered.com/app/1544080/Counter_Fight_ICHIRAN/?snr=1_7_7_151_150_1","imgUrl":"https://cdn.cloudflare.steamstatic.com/steam/apps/1544080/capsule_sm_120.jpg?t=1619160531","released":"25 Feb, 2021","reviewSummary":"Mostly Positive<br>72% of the 18 user reviews for this game are positive.","price":"                        12,49€                    "},{"appId":"2227420","title":"Stream Counter","url":"https://store.steampowered.com/app/2227420/Stream_Counter/?snr=1_7_7_151_150_1","imgUrl":"https://cdn.cloudflare.steamstatic.com/steam/apps/2227420/capsule_sm_120.jpg?t=1670860518","released":"12 Dec, 2022","price":"                        1,99€                    "},{"appId":"1376140","title":"CounterBlocks","url":"https://store.steampowered.com/app/1376140/CounterBlocks/?snr=1_7_7_151_150_1","imgUrl":"https://cdn.cloudflare.steamstatic.com/steam/apps/1376140/capsule_sm_120.jpg?t=1650788789","released":"20 Oct, 2020","price":"                        3,99€                    "},{"appId":"1535630","title":"Under the Counter","url":"https://store.steampowered.com/app/1535630/Under_the_Counter/?snr=1_7_7_151_150_1","imgUrl":"https://cdn.cloudflare.steamstatic.com/steam/apps/1535630/capsule_sm_120.jpg?t=1638360019","released":"Coming soon","price":"                                            "},{"appId":"1678780","title":"Counter-Terrorism Ops","url":"https://store.steampowered.com/app/1678780/CounterTerrorism_Ops/?snr=1_7_7_151_150_1","imgUrl":"https://cdn.cloudflare.steamstatic.com/steam/apps/1678780/capsule_sm_120.jpg?t=1657261288","released":"Coming soon","price":"                                            "},{"appId":"2375060","title":"cs3 Demo","url":"https://store.steampowered.com/app/1567410//?snr=1_7_7_151_150_1","imgUrl":"https://cdn.cloudflare.steamstatic.com/steam/apps/2375060/capsule_sm_120.jpg?t=1681005556","released":"Coming soon","price":"                        Free Demo                    "},{"appId":"80","title":"Counter-Strike: Condition Zero","url":"https://store.steampowered.com/app/80/CounterStrike_Condition_Zero/?snr=1_7_7_151_150_1","imgUrl":"https://cdn.cloudflare.steamstatic.com/steam/apps/80/capsule_sm_120.jpg?t=1602535977","released":"1 Mar, 2004","reviewSummary":"Very Positive<br>90% of the 16,513 user reviews for this game are positive.","price":"                        8,19€                    "}][{"appId":"359550","title":"Tom Clancy's Rainbow Six® Siege","url":"https://store.steampowered.com/app/359550/Tom_Clancys_Rainbow_Six_Siege/?snr=1_7_7_151_150_2","imgUrl":"https://cdn.cloudflare.steamstatic.com/steam/apps/359550/capsule_sm_120.jpg?t=1680010421","released":"1 Dec, 2015","reviewSummary":"Very Positive<br>86% of the 957,288 user reviews for this game are positive.","price":"                        19,99€                    "},{"title":"Counter-Strike 1 Anthology","url":"https://store.steampowered.com/bundle/235/CounterStrike_1_Anthology/?snr=1_7_7_151_150_2","imgUrl":"https://cdn.cloudflare.steamstatic.com/steam/bundles/235/ht2e5g49jgepbgou/capsule_sm_120.jpg?t=1465510801","released":"","reviewSummary":"Overwhelmingly Positive<br>95% of the 160,458 user reviews for games in this bundle are positive.","price":"                        12,68€                    "},{"appId":"593210","title":"Counter Fight: Samurai Edition","url":"https://store.steampowered.com/app/593210/Counter_Fight_Samurai_Edition/?snr=1_7_7_151_150_2","imgUrl":"https://cdn.cloudflare.steamstatic.com/steam/apps/593210/capsule_sm_120.jpg?t=1612320603","released":"7 Jun, 2017","reviewSummary":"Very Positive<br>91% of the 78 user reviews for this game are positive.","price":"                        8,99€                    "},{"appId":"413850","title":"CS:GO Player Profiles","url":"https://store.steampowered.com/app/413850/CSGO_Player_Profiles/?snr=1_7_7_151_150_2","imgUrl":"https://cdn.cloudflare.steamstatic.com/steam/apps/413850/capsule_sm_120.jpg?t=1485215623","released":"26 Oct, 2015","reviewSummary":"Very Positive<br>93% of the 2,299 user reviews for this series are positive.","price":"                        Free                    "},{"title":"Counter Fight Bundle Pack","url":"https://store.steampowered.com/bundle/2741/Counter_Fight_Bundle_Pack/?snr=1_7_7_151_150_2","imgUrl":"https://cdn.cloudflare.steamstatic.com/steam/bundles/2741/cyrx9j9c8wbys3ol/capsule_sm_120.jpg?t=1580980679","released":"","reviewSummary":"Very Positive<br>81% of the 322 user reviews for games in this bundle are positive.","price":"                        32,99€                    "},{"title":"Graze Counter Complete Edition","url":"https://store.steampowered.com/bundle/29956/Graze_Counter_Complete_Edition/?snr=1_7_7_151_150_2","imgUrl":"https://cdn.cloudflare.steamstatic.com/steam/bundles/29956/abhb7nncj0h7u8ko/capsule_sm_120.jpg?t=1673167695","released":"","reviewSummary":"Very Positive<br>98% of the 279 user reviews for games in this bundle are positive.","price":"                        31,69€                    "},{"title":"Graze Counter Soundtrack Edition","url":"https://store.steampowered.com/bundle/3935/Graze_Counter_Soundtrack_Edition/?snr=1_7_7_151_150_2","imgUrl":"https://cdn.cloudflare.steamstatic.com/steam/bundles/3935/a6zrhkclyrv518wa/capsule_sm_120.jpg?t=1502162647","released":"","reviewSummary":"Very Positive<br>98% of the 193 user reviews for games in this bundle are positive.","price":"                        11,46€                    "},{"appId":"2078850","title":"Counter-Stroke: Grand Building","url":"https://store.steampowered.com/app/2078850/CounterStroke_Grand_Building/?snr=1_7_7_151_150_2","imgUrl":"https://cdn.cloudflare.steamstatic.com/steam/apps/2078850/capsule_sm_120.jpg?t=1669340263","released":"2023","price":"                                            "},{"appId":"1154560","title":"Counter Terrorism - Minesweeper","url":"https://store.steampowered.com/app/1154560/Counter_Terrorism__Minesweeper/?snr=1_7_7_151_150_2","imgUrl":"https://cdn.cloudflare.steamstatic.com/steam/apps/1154560/capsule_sm_120.jpg?t=1591635452","released":"13 Oct, 2019","price":"                        2,39€                    "},{"appId":"1364180","title":"Counter Operation Online","url":"https://store.steampowered.com/app/1364180/Counter_Operation_Online/?snr=1_7_7_151_150_2","imgUrl":"https://cdn.cloudflare.steamstatic.com/steam/apps/1364180/capsule_sm_120.jpg?t=1604303169","released":"1 Nov, 2020","price":"                        12,49€                    "},{"appId":"650640","title":"Graze Counter Demo","url":"https://store.steampowered.com/app/629440/Graze_Counter/?snr=1_7_7_151_150_2","imgUrl":"https://cdn.cloudflare.steamstatic.com/steam/apps/650640/capsule_sm_120.jpg?t=1538282062","released":"10 Jul, 2017","price":"                        Free Demo                    "},{"title":"Graze Counter GM Soundtrack Edition","url":"https://store.steampowered.com/bundle/29957/Graze_Counter_GM_Soundtrack_Edition/?snr=1_7_7_151_150_2","imgUrl":"https://cdn.cloudflare.steamstatic.com/steam/bundles/29957/1928gkkrwpcnyl3w/capsule_sm_120.jpg?t=1673168742","released":"","reviewSummary":"Very Positive<br>98% of the 86 user reviews for games in this bundle are positive.","price":"                        22,08€                    "},{"appId":"1700720","title":"Warface — Weapon set \"Counter-terrorist pack\"","url":"https://store.steampowered.com/app/1700720/Warface__Weapon_set_Counterterrorist_pack/?snr=1_7_7_151_150_2","imgUrl":"https://cdn.cloudflare.steamstatic.com/steam/apps/1700720/capsule_sm_120.jpg?t=1679309832","released":"12 Aug, 2021","reviewSummary":"Very Positive<br>87% of the 66 user reviews for this game are positive.","price":"                        Free To Play                    "},{"appId":"1904540","title":"Football Manager 2023","url":"https://store.steampowered.com/app/1904540/Football_Manager_2023/?snr=1_7_7_151_150_2","imgUrl":"https://cdn.cloudflare.steamstatic.com/steam/apps/1904540/capsule_sm_120.jpg?t=1680627762","released":"7 Nov, 2022","reviewSummary":"Very Positive<br>87% of the 8,423 user reviews for this game are positive.","price":"                        59,99€                    "},{"appId":"1266480","title":"MiNNaDe Counter Fight","url":"https://store.steampowered.com/app/1266480/MiNNaDe_Counter_Fight/?snr=1_7_7_151_150_2","imgUrl":"https://cdn.cloudflare.steamstatic.com/steam/apps/1266480/capsule_sm_120.jpg?t=1588816809","released":"1 May, 2020","reviewSummary":"Mixed<br>61% of the 13 user reviews for this game are positive.","price":"                        12,49€                    "},{"appId":"1943790","title":"Graviteam Tactics: Counter Blow","url":"https://store.steampowered.com/app/1943790/Graviteam_Tactics_Counter_Blow/?snr=1_7_7_151_150_2","imgUrl":"https://cdn.cloudflare.steamstatic.com/steam/apps/1943790/capsule_sm_120.jpg?t=1682108229","released":"21 Apr, 2023","price":"                        12,49€                    "},{"appId":"397320","title":"CTU: Counter Terrorism Unit","url":"https://store.steampowered.com/app/397320/CTU_Counter_Terrorism_Unit/?snr=1_7_7_151_150_2","imgUrl":"https://cdn.cloudflare.steamstatic.com/steam/apps/397320/capsule_sm_120.jpg?t=1528357162","released":"22 Apr, 2016","reviewSummary":"Mostly Negative<br>32% of the 37 user reviews for this game are positive.","price":"                        3,99€                    "},{"appId":"1059530","title":"Valve Index® Headset","url":"https://store.steampowered.com/app/1059530/Valve_Index_Headset/?snr=1_7_7_151_150_2","imgUrl":"https://cdn.cloudflare.steamstatic.com/steam/apps/1059530/capsule_sm_120.jpg?t=1645043152","released":"28 Jun, 2019","price":"                        539,--€                    "},{"appId":"2118160","title":"CounterSide - Sound:Side","url":"https://store.steampowered.com/app/2118160/CounterSide__SoundSide/?snr=1_7_7_151_150_2","imgUrl":"https://cdn.cloudflare.steamstatic.com/steam/apps/2118160/capsule_sm_120.jpg?t=1683180475","released":"3 May, 2023","price":"                        1,99€                    "},{"title":"DariusBurst CS Super Saviours Pack","url":"https://store.steampowered.com/bundle/23404/DariusBurst_CS_Super_Saviours_Pack/?snr=1_7_7_151_150_2","imgUrl":"https://cdn.cloudflare.steamstatic.com/steam/bundles/23404/pshrd870d74piuze/capsule_sm_120.jpg?t=1635382296","released":"","reviewSummary":"Very Positive<br>83% of the 671 user reviews for games in this bundle are positive.","price":"                        112,03€                    "},{"appId":"667090","title":"Graze Counter Original Soundtrack","url":"https://store.steampowered.com/app/667090/Graze_Counter_Original_Soundtrack/?snr=1_7_7_151_150_2","imgUrl":"https://cdn.cloudflare.steamstatic.com/steam/apps/667090/capsule_sm_120.jpg?t=1581547691","released":"31 Jul, 2017","price":"                        2,99€                    "},{"appId":"1158900","title":"CounterShots 1.0","url":"https://store.steampowered.com/app/1158900/CounterShots_10/?snr=1_7_7_151_150_2","imgUrl":"https://cdn.cloudflare.steamstatic.com/steam/apps/1158900/capsule_sm_120.jpg?t=1585066079","released":"24 Mar, 2020","price":"                        12,49€                    "},{"appId":"967450","title":"Special Counter Force Attack","url":"https://store.steampowered.com/app/967450/Special_Counter_Force_Attack/?snr=1_7_7_151_150_2","imgUrl":"https://cdn.cloudflare.steamstatic.com/steam/apps/967450/capsule_sm_120.jpg?t=1549629541","released":"8 Feb, 2019","price":"                        3,99€                    "},{"appId":"1895850","title":"Graze Counter GM Demo","url":"https://store.steampowered.com/app/1486440/Graze_Counter_GM/?snr=1_7_7_151_150_2","imgUrl":"https://cdn.cloudflare.steamstatic.com/steam/apps/1895850/capsule_sm_120.jpg?t=1661864879","released":"8 Feb, 2022","price":"                        Free Demo                    "},{"appId":"4000","title":"Garry's Mod","url":"https://store.steampowered.com/app/4000/Garrys_Mod/?snr=1_7_7_151_150_2","imgUrl":"https://cdn.cloudflare.steamstatic.com/steam/apps/4000/capsule_sm_120.jpg?t=1663621793","released":"29 Nov, 2006","reviewSummary":"Overwhelmingly Positive<br>96% of the 815,034 user reviews for this game are positive.","price":"                        9,99€                    "}][{"appId":"2193050","title":"Bleak Sword DX","url":"https://store.steampowered.com/app/2193050/Bleak_Sword_DX/?snr=1_7_7_151_150_3","imgUrl":"https://cdn.cloudflare.steamstatic.com/steam/apps/2193050/capsule_sm_120.jpg?t=1678489210","released":"To be announced","price":"                                            "},{"appId":"2257480","title":"Graze Counter GM Original Soundtrack","url":"https://store.steampowered.com/app/2257480/Graze_Counter_GM_Original_Soundtrack/?snr=1_7_7_151_150_3","imgUrl":"https://cdn.cloudflare.steamstatic.com/steam/apps/2257480/capsule_sm_120.jpg?t=1674053743","released":"18 Jan, 2023","price":"                        9,75€                    "},{"appId":"1811990","title":"Wildfrost","url":"https://store.steampowered.com/app/1811990/Wildfrost/?snr=1_7_7_151_150_3","imgUrl":"https://cdn.cloudflare.steamstatic.com/steam/apps/1811990/capsule_sm_120.jpg?t=1681402879","released":"12 Apr, 2023","reviewSummary":"Mostly Positive<br>77% of the 4,322 user reviews for this game are positive.","price":"                        19,49€                    "},{"appId":"550","title":"Left 4 Dead 2","url":"https://store.steampowered.com/app/550/Left_4_Dead_2/?snr=1_7_7_151_150_3","imgUrl":"https://cdn.cloudflare.steamstatic.com/steam/apps/550/capsule_sm_120.jpg?t=1675801903","released":"16 Nov, 2009","reviewSummary":"Overwhelmingly Positive<br>97% of the 539,511 user reviews for this game are positive.","price":"                        9,75€                    "},{"appId":"2223660","title":"Europa Universalis IV: Domination","url":"https://store.steampowered.com/app/2223660/Europa_Universalis_IV_Domination/?snr=1_7_7_151_150_3","imgUrl":"https://cdn.cloudflare.steamstatic.com/steam/apps/2223660/capsule_sm_120.jpg?t=1681804699","released":"18 Apr, 2023","reviewSummary":"Mixed<br>53% of the 458 user reviews for this game are positive.","price":"                        19,99€                    "},{"appId":"268500","title":"XCOM® 2","url":"https://store.steampowered.com/app/268500/XCOM_2/?snr=1_7_7_151_150_3","imgUrl":"https://cdn.cloudflare.steamstatic.com/steam/apps/268500/capsule_sm_120.jpg?t=1646157374","released":"4 Feb, 2016","reviewSummary":"Very Positive<br>84% of the 62,476 user reviews for this game are positive.","price":"                        49,99€4,99€                    "},{"appId":"1556713","title":"Capcom Arcade Stadium：1941 - Counter Attack -","url":"https://store.steampowered.com/app/1556713/Capcom_Arcade_Stadium1941__Counter_Attack/?snr=1_7_7_151_150_3","imgUrl":"https://cdn.cloudflare.steamstatic.com/steam/apps/1556713/capsule_sm_120.jpg?t=1634751745","released":"24 May, 2021","price":"                        1,99€                    "},{"appId":"1237320","title":"Sonic Frontiers","url":"https://store.steampowered.com/app/1237320/Sonic_Frontiers/?snr=1_7_7_151_150_3","imgUrl":"https://cdn.cloudflare.steamstatic.com/steam/apps/1237320/capsule_sm_120.jpg?t=1678200169","released":"7 Nov, 2022","reviewSummary":"Very Positive<br>94% of the 13,827 user reviews for this game are positive.","price":"                        59,99€40,19€                    "},{"appId":"1451190","title":"Undisputed","url":"https://store.steampowered.com/app/1451190/Undisputed/?snr=1_7_7_151_150_3","imgUrl":"https://cdn.cloudflare.steamstatic.com/steam/apps/1451190/capsule_sm_120.jpg?t=1683102826","released":"31 Jan, 2023","reviewSummary":"Mostly Positive<br>78% of the 6,881 user reviews for this game are positive.","price":"                        29,99€                    "},{"appId":"647631","title":"Pure Farming 2018 - Gomselmash Palesse CS-200","url":"https://store.steampowered.com/app/647631/Pure_Farming_2018__Gomselmash_Palesse_CS200/?snr=1_7_7_151_150_3","imgUrl":"https://cdn.cloudflare.steamstatic.com/steam/apps/647631/capsule_sm_120.jpg?t=1524065341","released":"13 Mar, 2018","price":"                        1,99€                    "},{"appId":"1237950","title":"STAR WARS™ Battlefront™ II","url":"https://store.steampowered.com/app/1237950/STAR_WARS_Battlefront_II/?snr=1_7_7_151_150_3","imgUrl":"https://cdn.cloudflare.steamstatic.com/steam/apps/1237950/capsule_sm_120.jpg?t=1651767512","released":"11 Jun, 2020","reviewSummary":"Very Positive<br>87% of the 40,576 user reviews for this game are positive.","price":"                        39,99€                    "},{"appId":"669330","title":"Mechabellum","url":"https://store.steampowered.com/app/669330/Mechabellum/?snr=1_7_7_151_150_3","imgUrl":"https://cdn.cloudflare.steamstatic.com/steam/apps/669330/capsule_sm_120.jpg?t=1683640723","released":"11 May, 2023","price":"                                            "},{"appId":"1960050","title":"Krispain Hero:Roguelite Dungeon Shooter Fire Simulator Counter FPS World","url":"https://store.steampowered.com/app/1960050/Krispain_HeroRoguelite_Dungeon_Shooter_Fire_Simulator_Counter_FPS_World/?snr=1_7_7_151_150_3","imgUrl":"https://cdn.cloudflare.steamstatic.com/steam/apps/1960050/capsule_sm_120.jpg?t=1677574839","released":"Coming soon","price":"                                            "},{"appId":"1059550","title":"Valve Index® Controllers","url":"https://store.steampowered.com/app/1059550/Valve_Index_Controllers/?snr=1_7_7_151_150_3","imgUrl":"https://cdn.cloudflare.steamstatic.com/steam/apps/1059550/capsule_sm_120.jpg?t=1645043939","released":"28 Jun, 2019","price":"                        299,--€                    "},{"appId":"347104","title":"Fantasy Grounds - Fiery Dragon Counter Collection: Paragon 2","url":"https://store.steampowered.com/app/347104/Fantasy_Grounds__Fiery_Dragon_Counter_Collection_Paragon_2/?snr=1_7_7_151_150_3","imgUrl":"https://cdn.cloudflare.steamstatic.com/steam/apps/347104/capsule_sm_120.jpg?t=1447368345","released":"29 Jan, 2015","price":"                        9,99€                    "},{"appId":"333900","title":"Fantasy Grounds - Counter Collection 4E Paragon 1","url":"https://store.steampowered.com/app/333900/Fantasy_Grounds__Counter_Collection_4E_Paragon_1/?snr=1_7_7_151_150_3","imgUrl":"https://cdn.cloudflare.steamstatic.com/steam/apps/333900/capsule_sm_120.jpg?t=1447365190","released":"17 Nov, 2014","price":"                        7,99€                    "},{"appId":"347101","title":"Fantasy Grounds - Fiery Dragon Counter Collection: Heroic 2","url":"https://store.steampowered.com/app/347101/Fantasy_Grounds__Fiery_Dragon_Counter_Collection_Heroic_2/?snr=1_7_7_151_150_3","imgUrl":"https://cdn.cloudflare.steamstatic.com/steam/apps/347101/capsule_sm_120.jpg?t=1447368335","released":"29 Jan, 2015","price":"                        7,99€                    "},{"appId":"347105","title":"Fantasy Grounds - Fiery Dragon Counter Collection: Epic 2","url":"https://store.steampowered.com/app/347105/Fantasy_Grounds__Fiery_Dragon_Counter_Collection_Epic_2/?snr=1_7_7_151_150_3","imgUrl":"https://cdn.cloudflare.steamstatic.com/steam/apps/347105/capsule_sm_120.jpg?t=1447368346","released":"29 Jan, 2015","price":"                        7,99€                    "},{"appId":"650190","title":"Fantasy Grounds - Iron Heroes Counter Collection (Token Pack)","url":"https://store.steampowered.com/app/650190/Fantasy_Grounds__Iron_Heroes_Counter_Collection_Token_Pack/?snr=1_7_7_151_150_3","imgUrl":"https://cdn.cloudflare.steamstatic.com/steam/apps/650190/capsule_sm_120.jpg?t=1497645207","released":"16 Jun, 2017","price":"                        8,99€                    "},{"appId":"347103","title":"Fantasy Grounds - Fiery Dragon Counter Collection: Epic 1","url":"https://store.steampowered.com/app/347103/Fantasy_Grounds__Fiery_Dragon_Counter_Collection_Epic_1/?snr=1_7_7_151_150_3","imgUrl":"https://cdn.cloudflare.steamstatic.com/steam/apps/347103/capsule_sm_120.jpg?t=1447368342","released":"29 Jan, 2015","price":"                        5,99€                    "},{"appId":"1649240","title":"Returnal™","url":"https://store.steampowered.com/app/1649240/Returnal/?snr=1_7_7_151_150_3","imgUrl":"https://cdn.cloudflare.steamstatic.com/steam/apps/1649240/capsule_sm_120.jpg?t=1676476643","released":"15 Feb, 2023","reviewSummary":"Very Positive<br>81% of the 2,576 user reviews for this game are positive.","price":"                        59,99€                    "},{"appId":"1096900","title":"RPG Maker MZ","url":"https://store.steampowered.com/app/1096900/RPG_Maker_MZ/?snr=1_7_7_151_150_3","imgUrl":"https://cdn.cloudflare.steamstatic.com/steam/apps/1096900/capsule_sm_120.jpg?t=1682648631","released":"27 Aug, 2020","reviewSummary":"Very Positive<br>82% of the 973 user reviews for this software are positive.","price":"                        77,99€                    "},{"appId":"10180","title":"Call of Duty®: Modern Warfare® 2 (2009)","url":"https://store.steampowered.com/app/10180/Call_of_Duty_Modern_Warfare_2_2009/?snr=1_7_7_151_150_3","imgUrl":"https://cdn.cloudflare.steamstatic.com/steam/apps/10180/capsule_sm_120.jpg?t=1654809646","released":"11 Nov, 2009","reviewSummary":"Very Positive<br>93% of the 27,641 user reviews for this game are positive.","price":"                        19,99€14,99€                    "},{"appId":"493490","title":"City Car Driving","url":"https://store.steampowered.com/app/493490/City_Car_Driving/?snr=1_7_7_151_150_3","imgUrl":"https://cdn.cloudflare.steamstatic.com/steam/apps/493490/capsule_sm_120.jpg?t=1681879286","released":"3 Nov, 2016","reviewSummary":"Very Positive<br>81% of the 18,929 user reviews for this game are positive.","price":"                        23,49€5,16€                    "},{"appId":"1041320","title":"Lords Mobile","url":"https://store.steampowered.com/app/1041320/Lords_Mobile/?snr=1_7_7_151_150_3","imgUrl":"https://cdn.cloudflare.steamstatic.com/steam/apps/1041320/capsule_sm_120.jpg?t=1667374754","released":"2 Jun, 2019","reviewSummary":"Mixed<br>68% of the 4,848 user reviews for this game are positive.","price":"                        Free                    "}]